Actual,RF_Predicted,LR_Predicted
494.0,224.27,234.5291574901512
150.0,203.11,223.23309505402904
150.0,156.22,168.37776898604534
141.0,154.39,218.50536968109373
269.0,149.55,212.66622841092612
475.0,171.89,141.77185858414123
336.0,220.74,186.12911303248438
100.0,226.0,239.47310048431245
291.0,214.16,228.4854582091939
306.0,287.34,288.37573928906386
182.0,108.4,202.5244694216326
214.0,134.25,129.9159756192821
113.0,124.33,213.53518096738298
178.0,220.77,277.439501933457
50.0,59.92,198.36806800342856
100.0,504.59,174.7228887459296
190.0,356.34,297.6729636644086
106.0,110.43,114.52450334869718
73.0,208.7,178.31364061917338
106.0,134.28,258.89387023788913
177.0,186.26,280.2039925145491
73.0,118.96,156.46169401342013
937.0,263.4,234.26201360140658
80.0,157.46,182.3745407910901
141.0,177.1,66.39619871868854
3985.0,533.1666666666666,295.5051640804795
56.0,74.55,218.2553862240311
295.0,221.66,160.80702536999706
211.0,186.59,204.2623861840475
74.0,261.94,220.6648466532988
50.0,63.88,209.37806851060304
109.0,138.88,262.99662982827795
395.0,311.12,289.7376700358509
140.0,172.82,130.1827984786978
200.0,241.53,176.45253755263002
72.0,134.7,154.8139239793636
450.0,156.71,252.22767778266098
221.0,204.44,287.64005988489043
220.0,252.94,228.08541289252207
69.0,112.17,81.09104863070388
144.0,143.89,184.38108837768414
259.0,198.79,180.04355368498545
404.0,309.05,259.88234233731055
313.0,354.12,221.85025664568457
51.0,93.4,173.28892095341325
174.0,414.76,235.92574192297798
47.0,79.55,61.85516374226063
166.0,240.61,242.67348313631555
226.0,1730.81,289.855267829249
172.0,193.56,199.62467353140346
135.0,349.86,240.96564223014684
37.0,44.88,227.58015025044187
225.0,129.32,230.97483932233627
299.0,433.4,274.5565754063573
284.0,331.42,235.73533074555053
329.0,294.67,234.95633809281026
86.0,84.28,220.12814098775743
132.0,142.92,137.10378434909762
204.0,1316.97,296.67063383313507
75.0,109.12,203.37975574079246
354.0,256.36,108.5511373074387
65.0,81.41,208.18612792556814
345.0,324.97,245.10575908263309
240.0,286.4,241.34517408121974
132.0,156.62,214.34707336355132
35.0,47.16,160.13040381235805
41.0,169.88,128.29336047903598
67.0,185.29,128.77755946699835
99.0,112.54,154.82160940338872
259.0,174.77,193.13232272877394
54.0,134.65,192.72196311917833
52.0,48.23,51.882102688814484
289.0,307.62,221.87459851325184
96.0,173.44,279.1172758208304
100.0,109.5,202.76845174261325
146.0,182.39190476190473,739.2847049955835
37.0,42.59,161.75401327538202
119.0,108.05,202.50107724877307
129.0,280.28,230.20514862031814
102.0,191.34,236.65575077705034
266.0,233.16,223.33492591835966
337.0,309.14,270.83736729202246
242.0,315.96,276.6150311546189
110.0,205.46,275.0430047031987
97.0,173.29,113.64818909689166
149.0,218.45,284.3312931749697
172.0,233.76,285.71760740005993
290.0,191.49,123.5165986265456
147.0,205.79,243.8947517698325
82.0,72.92,215.38423837120354
204.0,217.07,243.1209176986158
115.0,160.23,176.39831280247563
213.0,214.76,280.02791112965315
170.0,116.97,235.93982636306828
349.0,421.49,268.61796903151844
278.0,149.33,254.3692240827113
261.0,361.68,227.63476746441665
331.0,243.11,247.5863372305248
114.0,160.15,135.26376459242965
781.0,233.18,154.59046209130793
205.0,183.16,181.91243239398136
95.0,135.98,242.52506435864416
69.0,69.54,203.56601059548666
103.0,70.43,194.37961684587754
119.0,139.07,144.37611751206168
1270.0,849.22,275.25089073390336
239.0,219.38,170.28091017369843
186.0,398.17,281.19894949858826
385.0,373.72,254.00389275529415
76.0,68.45,141.38417323310932
128.0,317.76,226.60388806521223
94.0,153.3,192.84823618938208
106.0,217.92,228.8684957760397
122.0,245.77,211.95719190449745
134.0,233.15,234.7447683268074
70.0,64.23,166.05754386148328
176.0,219.97,221.7191430752482
359.0,375.79,278.1859301839595
156.0,145.83,185.8365015092877
54.0,114.33,152.72969068352722
63.0,148.0,111.4700681001359
121.0,400.48,782.2410801502283
89.0,180.48,155.69016326426208
173.0,230.68,166.76613985782024
276.0,253.38,280.8683018246029
53.0,58.52,193.84588357692155
694.0,302.84,290.0062121609517
225.0,222.96,287.0402334248429
224.0,194.93,272.03698571746827
229.0,276.41,212.56772872857618
109.0,136.67,248.9768985961291
135.0,180.96,270.71937878503013
506.0,264.1,214.6511227030078
198.0,227.85,205.65682342033324
141.0,321.82,283.2265129934749
392.0,281.24,284.97214935351076
64.0,137.08,78.19859903863835
51.0,70.6,207.8842752437231
112.0,161.8,207.31524570391412
80.0,276.58,247.25539130424295
296.0,227.33,91.27467749882089
297.0,372.26,279.4530782964921
129.0,179.65,103.08581802016124
224.0,286.11,277.74392151382017
180.0,217.0,238.6224229921554
55.0,59.88,160.78349225242164
149.0,163.01,229.67959802570113
126.0,92.5,117.74591979717479
374.0,301.59,280.8927116672403
539.0,370.2,236.68013670360415
997.0,217.59,281.1742874842348
48.0,73.96,196.2675454007549
52.0,87.78,164.6097333266207
521.0,406.28,266.21445476000736
60.0,62.39,198.28005760854103
31.0,37.83,103.9378850996327
283.0,381.63,295.8502566256557
510.0,242.54,215.52297138979338
60.0,60.68,168.51750028054812
225.0,306.87,274.9548522254099
199.0,206.73,213.81148249803664
76.0,181.82,212.7579401651201
115.0,239.71,212.20752649001406
216.0,212.93,245.70380634883804
226.0,252.11,220.3511042669761
527.0,281.61,273.62200213599135
165.0,181.89,281.5140325128941
80.0,94.7,235.86370716154306
1294.0,188.92,247.2500711241937
241.0,198.28,246.13227537733655
51.0,64.29,170.5131994299336
40.0,40.42,98.01233953580595
174.0,184.97,76.32228114452664
405.0,376.55,279.7558419577854
115.0,179.39,216.57488285069485
270.0,203.51,224.15536872568737
52.0,117.83,149.6727374791226
182.0,156.4,170.55702669478342
234.0,210.38,279.29198772093696
103.0,97.77,148.04243527708786
137.0,171.63,211.03420495154023
182.0,299.9,223.7121864813289
140.0,185.47,240.69967328040184
165.0,349.45,281.6867155281034
296.0,295.48,222.99125792157975
69.0,79.39,150.4199731908884
123.0,173.21,215.15459576085595
478.0,351.47,257.2971709330868
60.0,69.52,-173.93848205937138
90.0,320.19,157.21486118082794
109.0,138.65,238.5186344904123
106.0,238.05,290.56567531206747
756.0,361.3,210.19678239052155
60.0,99.28,143.59216081790692
159.0,199.27,221.0791032537545
166.0,196.19,152.23412198130063
439.0,187.67,259.3270727843137
112.0,175.58,224.00100458943052
155.0,349.88,294.1561129450092
131.0,133.14,236.47218361880368
136.0,331.94,238.55873317003534
558.0,255.47,247.0916045214908
119.0,209.12,93.83707971930926
163.0,172.1,249.15573943055824
28.0,38.14,109.31000140719698
156.0,307.38,227.8561366426111
97.0,86.81,136.68611065390542
84.0,140.35,134.96781480855498
123.0,164.97,239.71711080772548
327.0,279.67,221.45321286822946
291.0,217.85,259.6300431905365
146.0,164.54,204.8768313361652
118.0,218.39,237.87113360508192
237.0,276.97,225.7622190901584
186.0,170.42,161.630785151714
287.0,186.79,248.63796471153
153.0,281.93,269.1637702718908
128.0,251.45,253.30181998658918
198.0,183.45,210.41664583624515
584.0,241.5,250.7147922687327
202.0,134.86,145.12236742374262
80.0,67.9,207.1444502181621
770.0,254.64,250.14030897199882
15478.0,280.09,239.21461628281213
169.0,247.68,267.1364991531718
68.0,72.12,207.96604553975885
83.0,116.82,108.21678392288777
89.0,60.03,88.02403970657724
95.0,113.89,150.10026800834385
243.0,351.42,220.98872225270497
117.0,113.9,195.38699792505213
66.0,64.85,149.9820647637025
222.0,327.16,186.35764316995846
500.0,409.03,264.3203781915745
73.0,156.03,159.94819812942296
59.0,56.47,106.96882551771887
56.0,54.12,172.40850790362128
281.0,332.99,284.6100031368278
401.0,530.25,291.6848451529768
124.0,125.92,197.06456868842542
106.0,98.86,762.6367701380696
156.0,182.78,167.87545331312504
183.0,186.69,275.0791455403305
113.0,59.6,134.87644633858872
145.0,221.55,191.7831546737234
114.0,187.02,259.22642918775273
244.0,131.9,160.6954970131119
571.0,480.85,239.1486616518996
72.0,124.95,235.79106131837761
180.0,150.21,218.74327106498458
446.0,591.16,276.0627532198105
72.0,198.54,184.56007995241453
204.0,267.47,243.88707542156044
116.0,177.2,199.5432629374718
301.0,257.04,211.78568849891235
32.0,75.59,182.0869699867344
337.0,455.14,290.7397831744456
139.0,493.41,292.16640347876455
147.0,206.21,228.22598095421927
105.0,176.5,78.91088501454215
188.0,230.62,255.52223225222406
810.0,468.6,272.65707651781486
115.0,222.14,135.52465067442427
174.0,261.56,251.08261437595684
115.0,174.85,274.43915043065863
112.0,155.04,229.8639295267967
35.0,34.09,91.17512377523235
146.0,215.67,165.39279284508848
390.0,512.26,287.5672570727511
42.0,44.57,93.85146679037098
198.0,219.06,227.4685481713368
55.0,55.01,117.75351856685847
189.0,230.98,292.8953116535977
155.0,210.845,216.44893533895083
107.0,182.31,251.13921779809425
279.0,176.39,262.00745569759783
208.0,191.79,271.25428942434337
256.0,230.94,281.3878568062082
131.0,147.33,249.66491428305926
202.0,210.07,200.8713037615198
294.0,127.16,192.79518069596452
426.0,295.41,756.2576273835821
137.0,168.27,174.18747181906474
218.0,275.78,231.45451470638
147.0,177.55,213.18902497583076
73.0,169.005,235.08968107033434
42.0,176.12,664.532030463859
161.0,127.58,209.5256500298783
120.0,154.53,228.75092040369964
278.0,389.89,287.6600319236404
48.0,64.41,197.91101235961105
170.0,126.0,240.6064300379203
255.0,232.14,296.376009949352
237.0,304.87,209.78986744789836
58.0,126.27,150.44813826588324
180.0,260.27,271.13418665344216
124.0,120.46,208.40214684430794
140.0,176.93,171.08723397018184
123.0,241.03,212.4308963722433
133.0,161.64,197.95341926355104
646.0,287.1,270.406464025722
73.0,66.26,111.1818476196986
176.0,272.27,219.8313625141891
590.0,212.44,255.85646227140387
159.0,161.1,191.26523973469193
81.0,209.81,212.85157719016934
238.0,192.72,176.35093050265823
59.0,132.69,138.69352541062835
236.0,490.05,268.209747632789
75.0,256.74,237.957599253823
91.0,164.77,204.03029645965216
398.0,246.68,265.40101294179294
34.0,61.9,15.379253611949025
200.0,324.43,279.48753532645605
233.0,171.28,213.19143252704635
97.0,86.74,151.5564907414264
89.0,65.68,178.53906460668804
357.0,132.77,98.45262752841336
203.0,190.98,246.27545810925767
400.0,461.25,225.94707452790863
244.0,321.15,290.2136574619708
154.0,166.03,220.55958014821408
103.0,146.75,211.03991748261979
72.0,115.73,152.5088510884143
65.0,130.16,16.09212197355373
105.0,68.67,205.25991528712802
150.0,165.31,185.48528418682326
124.0,155.31,158.28218462479344
211.0,214.04,241.9395160104723
197.0,222.98,261.23835709252853
234.0,186.11,270.9879835465872
145.0,103.68,158.90745449040514
182.0,202.38,253.18518447105816
530.0,223.45,176.6870890566297
45.0,616.94,76.85913801603238
284.0,1078.55,236.26979402283177
75.0,100.22,252.871176196124
151.0,170.87,224.17492176943233
224.0,201.52,192.93656085037037
109.0,176.69,81.04293571020935
269.0,209.14,250.55336172460557
213.0,265.02,269.3864370576739
201.0,135.02,114.46638210164747
186.0,184.68,230.02142312014075
164.0,219.35,129.37320651754635
101.0,173.69,191.725929890692
129.0,193.73,256.94153426833145
106.0,227.82,293.42006975502954
134.0,141.95,211.89367594272153
242.0,219.76,222.82182044210822
105.0,114.88,168.5682089863676
158.0,224.62,248.1016229158613
175.0,416.47,282.79631072798475
599.0,239.13,237.5678870531301
137.0,177.06,184.82874903248012
475.0,242.21,83.51951947745329
253.0,194.79,283.32960807220115
145.0,146.38,-32.307258836555775
188.0,121.84,135.13856866492097
198.0,191.28,188.36295248578426
184.0,294.31,255.2658602818301
48.0,80.88,81.10451510740313
69.0,75.49,104.57499777541852
44.0,85.67,105.02646085392371
139.0,134.56,185.66426921983293
520.0,282.19,205.2100082526158
564.0,261.96,208.11768653231957
204.0,260.78,262.63559121144135
427.0,235.61,282.7447670042984
42.0,37.11,84.20856547905714
200.0,222.87,213.8073531275386
150.0,155.37,202.9188594065854
637.0,291.75,241.36632104883574
52.0,63.65,143.96776610178495
198.0,246.16,229.11079596210038
78.0,297.0,212.46094172929043
86.0,48.54,87.70368012193285
53.0,51.87,163.5853215252282
126.0,232.92,253.2173648444059
204.0,280.06,293.1337454710938
69.0,60.76,189.3591654030388
144.0,114.68,181.1641048937563
401.0,314.43,209.18205640107226
52.0,145.19,88.68940972353812
220.0,266.18,124.68234808746092
54.0,59.68,203.58120613768733
140.0,183.59,292.5438254785404
125.0,168.84,201.83056179319283
832.0,366.7,261.9702623990979
86.0,115.03,228.29150225085868
252.0,457.39,218.4256295675932
368.0,389.11,251.98918986795798
241.0,446.15,281.22799316010423
63.0,229.03,257.67097529982493
135.0,158.33,198.37355226693944
33.0,77.84,96.18960106477789
281.0,240.56,218.93130116825705
116.0,136.44,130.9254326617356
158.0,162.76,289.8096804466877
106.0,313.77,288.7925484092466
188.0,319.48,250.1001529422174
142.0,199.64,202.31037152773388
129.0,225.38,289.4417646667898
176.0,263.21,246.31115513110126
208.0,174.24,135.2865251381736
181.0,176.1,228.03436294672065
304.0,182.62,130.4949614477191
132.0,132.18,225.16418173732563
51.0,136.94,158.59298294748987
157.0,97.97,193.36887818519244
500.0,449.51,216.23762925123447
136.0,229.19,235.10442209190114
801.0,133.25,268.98382038266936
175.0,238.91,239.72978142979446
73.0,164.13,23.293427557375253
68.0,72.37,222.55024262475672
559.0,406.26,235.7306660562499
125.0,105.87,136.96951848871868
256.0,274.35,290.119206062549
189.0,1062.56,162.43868557093083
75.0,164.21,156.38044759827244
138.0,246.74,173.8788663943833
268.0,231.42,294.65321594910347
266.0,199.44,82.63550554115682
133.0,151.46,245.39067350857113
193.0,186.17,219.68948286203158
296.0,315.41,223.06875248743927
130.0,137.91,219.60775889197794
145.0,121.14,110.72746396226103
89.0,124.21,154.86816900101257
95.0,196.72,226.29807558174434
635.0,346.59,284.5029418810209
66.0,80.58,110.12869546190086
222.0,285.59,173.27543707707264
151.0,156.95,172.79891971657162
229.0,219.87,242.70549998521346
9991.0,827.4008333333333,779.9877036394028
118.0,175.77,144.60042701186285
45.0,55.05,164.1584211204281
205.0,143.35,198.10982469138435
248.0,363.13,236.85833307335452
428.0,296.56,259.3521169805026
177.0,113.57833333333332,765.7794760801553
161.0,104.19,161.100374886375
123.0,118.33,189.20600061150617
150.0,265.51,315.35351674940466
77.0,131.11,221.41170205634626
152.0,211.5,-371.66393216139295
191.0,211.46,295.4787196331017
69.0,243.045,226.65301931263457
132.0,166.34,270.7165103735988
488.0,276.51,274.7378339652805
224.0,109.63,208.34812390010848
196.0,207.18,245.4613744441467
34.0,40.97,214.9728645082123
40.0,43.75,96.04925224895305
45.0,1640.62,251.33965326697034
278.0,302.71,282.87362242665586
129.0,221.41,287.1581782942758
147.0,184.19,221.21388462795767
44.0,49.91,146.54567001806936
33.0,28.96,104.3181623974142
116.0,141.26,218.07240993420783
339.0,189.06,239.9142573777208
96.0,170.86,107.96903354454844
80.0,58.08,160.23857842369216
62.0,64.28,189.2551232101232
336.0,780.98,301.79513932701593
145.0,165.19,229.7937482128291
79.0,94.86,199.08872270278152
90.0,98.08,104.99408045727068
207.0,378.73,252.37292820607945
83.0,126.54,181.3803583907993
186.0,204.11,272.40455333812497
144.0,344.5,239.56323096766027
165.0,166.68,218.7113884882383
110.0,75.61,36.02440407858376
102.0,191.83,191.6968217393005
155.0,207.14,285.43730440105173
168.0,391.85,297.769787924055
99.0,130.46,239.5244744001975
142.0,139.54,173.01575794709606
454.0,166.59,146.8171484929917
548.0,302.57,214.94622089490986
109.0,204.79,267.98477106912287
153.0,196.75,227.16255143867056
100.0,122.17,236.4395557609114
50.0,98.27,115.5012320302576
212.0,162.78,234.05593161360775
169.0,296.01,279.84507299528195
299.0,380.75,213.7331578455305
156.0,220.91,242.50926989212712
55.0,78.9,192.01444538656142
89.0,80.42,202.52694732338023
59.0,57.69,203.15289078690148
87.0,47.93,131.5950337769882
579.0,175.38,222.75680396682037
51.0,117.05533333333332,759.6742281558927
364.0,192.7,285.01118051151207
144.0,175.9,266.33273716756776
61.0,85.08,82.80860625890455
158.0,125.98,255.39337984328267
1697.0,484.45,277.02745709183
223.0,196.45,259.3039821571274
308.0,317.65,187.48325602256773
270.0,298.75,291.20285230532863
247.0,142.24,178.2607457145823
40.0,34.13,95.08566666029583
937.0,128.86,233.62331217415704
142.0,227.66,231.83781511210327
522.0,347.59,221.27059011829806
189.0,349.65,247.89715032001732
129.0,218.68,259.26982464039975
124.0,130.55,240.45152706025328
44.0,80.71,233.4704948546132
118.0,136.29,214.52253689831923
133.0,313.89,224.03159623994543
107.0,113.29,145.41898673432115
132.0,111.84,162.92697606398906
352.0,250.4,224.188416746827
1100.0,584.4900000000001,783.0241743293336
388.0,357.74,237.75074261004556
150.0,248.1,279.7179821163354
225.0,153.22,176.56794936456208
144.0,182.09,268.6043125002161
113.0,185.89,161.4917248824422
64.0,176.51,-153.73548077675696
193.0,189.76,196.79130489805357
75.0,115.42,263.299257357472
51.0,86.56,175.08945284953734
142.0,158.12,196.00429824471757
205.0,267.31,274.00545694477114
39.0,43.55,80.22768785218977
81.0,194.72,202.23202960042
104.0,153.31,225.85460122690893
143.0,105.59,110.03218202201788
203.0,233.08,175.40851935909268
3333.0,403.16,291.65882435435196
97.0,127.22,253.77940251099972
92.0,122.96,164.00016090140525
90.0,136.55,152.3904739412319
1600.0,430.27,216.6322267285941
270.0,276.63,265.8203796327907
46.0,57.62,169.07454457737003
195.0,185.26,286.7875060077513
76.0,59.28,125.01222962669999
248.0,450.51,272.72426206119235
53.0,78.71,225.16969528847767
220.0,320.94,284.25828067029397
37.0,42.11,192.99868842404067
67.0,64.17,121.57569135283484
774.0,311.96,265.444345147258
86.0,70.27,95.32350656794733
277.0,293.04,283.4097278295685
115.0,238.63,142.6659581742042
114.0,124.65,205.51478455860342
259.0,229.11,226.42231981666737
124.0,203.47,154.62242751793565
331.0,321.42,231.49037794340438
112.0,181.62,212.33114987352928
184.0,427.26,285.6556529802692
189.0,240.77,293.6775678206104
1998.0,158.54,239.42743298649293
214.0,167.91,225.90426310144903
278.0,315.83,291.8583186290871
55.0,182.16,220.78395418802756
395.0,150.11,179.33600896772623
135.0,213.66,255.17412118898392
230.0,237.53,261.39796438979647
317.0,276.11,258.9472619809767
99.0,115.46,204.26634268408634
189.0,269.94,226.6802165607205
296.0,299.37,165.13606389561937
268.0,206.81,295.7063382583874
294.0,204.74,184.13561245327764
199.0,183.03,277.9855751168034
158.0,226.77,279.09239591247024
503.0,311.42,268.91579985440694
115.0,222.56,227.7600353939306
206.0,237.81,129.2843051522923
179.0,310.41,275.61728052702347
146.0,166.23,178.51444302663003
155.0,212.74,291.35265389633605
888.0,303.55,278.0395451035256
132.0,265.18,230.39482259764736
197.0,186.06,234.7085178559846
221.0,283.96,290.0482516860866
198.0,167.15,251.32547321186394
80.0,161.26,253.81998869630297
143.0,131.16,145.0160981385652
228.0,261.63,223.3370096771123
301.0,233.04,217.601985552541
59.0,70.93,216.27945099681892
100.0,131.43,108.8865827744794
211.0,226.37,228.4671425290362
506.0,381.27,224.00341103405844
152.0,171.14,198.87580410242117
84.0,162.88,190.99522080018505
173.0,357.45,267.69482523124316
300.0,292.48,291.26689571071256
276.0,211.6,159.85628051053754
327.0,277.65,286.999740678144
90.0,69.69,91.43855861967859
118.0,116.72364285714286,776.090327898617
67.0,89.69,209.33989453717004
168.0,184.34,238.07319173030555
75.0,204.8,162.91079144550713
208.0,227.35,244.85616903948903
202.0,343.37,216.7788009170472
353.0,387.37,288.5887210366891
56.0,129.23,235.37450206587164
143.0,123.89,236.51443163237127
55.0,172.19,152.9675314386095
605.0,223.65,273.27689939784614
80.0,120.83,223.764250240587
115.0,89.68,143.49168710390404
248.0,304.75,238.64118812948982
495.0,392.53,284.7946365106545
847.0,507.27,248.1074447587871
144.0,225.78,239.5830321297144
178.0,162.04,124.01754993687427
369.0,565.17,231.28900410043752
170.0,293.48,223.23974629677468
207.0,203.57,276.0267681392161
156.0,199.75,231.51394461211385
284.0,587.12,219.43747922003786
104.0,204.66,214.83292891254496
84.0,82.01,222.80482748735994
125.0,142.86,240.9178141177308
493.0,300.51,283.86688988105016
104.0,157.09,229.6027641659748
226.0,202.82,237.35155918875535
275.0,299.12,290.81736241139697
167.0,205.18,181.6991463586437
68.0,125.87,128.25196049787883
155.0,187.61,263.5369175752239
221.0,181.46,217.17613291465568
158.0,134.01,192.3614107957037
88.0,188.94,157.0555656153956
111.0,116.32,160.06870488191635
102.0,303.13,292.3964618214268
216.0,217.85,238.2409372639704
231.0,269.21,241.9301019826271
431.0,253.39,168.11261288762034
185.0,193.65,284.06747809286753
145.0,140.14,60.66620676182902
309.0,246.62,156.48057619903557
99.0,112.35,153.89634571791066
42.0,52.51,185.9765093131191
75.0,261.48,278.36069014636814
300.0,285.92,288.08761677712755
207.0,222.07,246.75902298079382
38.0,188.23,137.0601240600845
241.0,248.11,213.8951329144802
179.0,271.17,288.1227368005275
174.0,254.31,228.05528651392888
110.0,146.35,201.46264515888834
136.0,152.52,283.8581399018203
196.0,227.99,114.84305412478716
528.0,178.62,234.8747231063553
261.0,321.59,293.17656053296923
234.0,193.83,276.30952304356106
287.0,292.48,234.8798238295385
294.0,354.94,232.31773175691342
120.0,259.37,215.00866478341413
195.0,331.99,296.4017051337378
121.0,142.37,176.29285544323648
57.0,63.09,177.63845040105844
168.0,270.9,287.8169154863899
70.0,78.71,132.10650528425867
109.0,122.49,142.02155761650283
115.0,141.81,237.83683349069724
80.0,98.06,161.81618009621707
86.0,149.78,159.43974509395593
292.0,154.26,109.29798242932156
419.0,294.43,279.87676442725206
122.0,248.52,248.52966693641065
272.0,293.23,254.32640657042612
330.0,318.94,214.2687765950668
172.0,178.0,280.11158315921966
150.0,936.72,236.55985085214706
253.0,269.07,209.33442238696807
57.0,188.23,234.16111018813535
416.0,282.58,221.64742807393122
34.0,54.55,178.17823880442302
102.0,133.15,255.9588953706898
116.0,130.09,136.121188051211
377.0,227.35,248.13141762520536
393.0,227.68,264.2834955413473
199.0,346.25,257.27540347829563
213.0,405.11,290.2122048036672
144.0,168.65,220.07700884528822
385.0,369.44,264.2319992543089
161.0,193.74,203.87897311201232
495.0,183.35,183.65316254029312
95.0,123.53,269.9551906305005
169.0,172.91,217.01029160307735
309.0,94.6,200.4496836638118
133.0,150.7,241.85734861061792
270.0,184.14,225.71210308510672
3537.0,137.02,151.40677371569473
103.0,240.31,151.6081610861129
412.0,274.95,236.73593433660972
137.0,119.36,259.1789126761287
102.0,141.58,201.4923637930533
29.0,46.24,80.73231192974163
38.0,71.64,94.456268543845
90.0,120.09,204.98676777434775
401.0,404.41,266.7238304869443
219.0,198.14714285714285,290.70221229171693
80.0,207.26,294.6277025340278
327.0,309.4,169.03387164972264
101.0,164.3,133.27387512437235
179.0,161.39,256.15831906692074
43.0,65.79,135.6689867795285
142.0,150.49,200.70173314366912
140.0,136.34,240.27225331987938
215.0,546.5,233.29036072340386
160.0,184.01,199.4166637409162
129.0,262.1,289.0189360105687
95.0,154.95,257.04638470022655
319.0,194.1,267.71396745931634
379.0,260.18,287.46175307250087
551.0,416.25,256.8424542457815
55.0,79.41,232.92851020693524
77.0,108.66,161.46247629742174
52.0,379.27,231.17703792394605
327.0,320.63,236.36927603753247
98.0,349.53,251.3928108626733
90.0,195.01,246.53594795937533
175.0,217.85,262.3846477007428
153.0,120.78,184.42012960712054
99.0,115.68,187.59649096346038
154.0,128.38,263.3113372302032
513.0,471.76,242.46951545729098
33.0,155.57,43.18631242277479
117.0,165.12,98.05721192969031
178.0,244.25,266.4033882115418
75.0,80.52,156.0467401546266
174.0,157.56,198.81124598663519
193.0,205.42,159.02236798334343
186.0,162.41,133.90130523976768
298.0,171.96,170.4664329928146
81.0,168.08,255.57686667224516
101.0,87.45,441.85530628468223
36.0,51.78,95.45042773662499
185.0,203.82,152.5524666505171
22.0,127.81,232.11436328530544
211.0,428.01,263.7493412191525
69.0,56.23,147.30273473342277
35.0,50.28,207.4480150032905
324.0,251.06,227.0162902090633
125.0,136.86,172.95846521699605
70.0,81.69,224.6791327284118
366.0,248.56,257.9613263133142
300.0,129.96,171.65890699037664
420.0,415.46,226.54198122282287
278.0,146.7,160.33082916665808
42.0,56.14,13.419090764789871
256.0,114.52,227.3453175939867
462.0,254.94,242.54927500391568
147.0,167.08,199.76735058259328
256.0,482.31,241.47602388095402
163.0,280.62,227.6232182411204
257.0,203.69,180.15506345443828
44.0,229.22,249.4774220393101
591.0,195.04,224.86561615524806
75.0,589.19,134.5640113719346
203.0,233.37,291.7645722820107
29.0,62.21,213.61810843540115
145.0,143.38,246.70748206188
175.0,213.62,217.15789883838443
30.0,74.64,97.47354911888578
123.0,331.77,280.13781357061634
183.0,188.146,272.4037811549606
449.0,272.55,218.88095994221476
374.0,336.19,292.99131241897885
98.0,192.74,195.55019753655142
174.0,146.09,226.04058448740216
109.0,141.4,272.73860364914253
478.0,554.46,268.9688331212401
45.0,95.87,158.92243785788014
161.0,141.92,194.87200586433937
65.0,171.11,164.39565947239316
196.0,311.1,237.56421675302408
60.0,61.9,151.1484981210615
236.0,210.03,225.9884072369132
194.0,214.27,178.87447013038218
79.0,137.0,193.36276045159866
238.0,236.65,243.45092941545045
288.0,227.44,230.81596101903415
159.0,136.12,138.92115720766378
479.0,608.64,243.3237275509582
58.0,127.546,237.16178184413184
168.0,326.4,248.37728642917318
222.0,235.19,185.47529445897635
105.0,183.38,172.6787578791973
131.0,122.97,249.8719407183744
120.0,175.91,192.9576481230706
133.0,250.39,125.37424709154766
166.0,124.35,151.24069086209602
248.0,242.87,200.54662994756472
63.0,100.61,189.48003126768526
76.0,199.37,189.81090555511582
188.0,56.43,196.23670369503452
834.0,574.14,270.4802529074386
83.0,164.12,233.65201450112545
146.0,864.72,291.4416151513051
103.0,91.99,156.92542812596366
132.0,140.94,180.89153104685283
60.0,67.68,167.82056846580235
277.0,285.32,282.8603902598825
176.0,176.07,230.6649910180222
247.0,326.42,226.4262975735528
401.0,286.31,290.6533391926041
356.0,194.6,209.15886559283717
125.0,153.54,146.0643789015976
51.0,43.76,68.45924321014354
433.0,395.52,292.94956237511724
48.0,51.57,205.33224556295136
134.0,117.65,168.43457250440042
186.0,203.25,152.56881096187863
242.0,265.8,250.51112593845937
100.0,148.46,164.80484980278015
337.0,309.18,225.263913468978
159.0,114.27,146.70176920265294
54.0,55.58,107.30076777707109
238.0,176.06,142.14066609495057
203.0,198.21,147.100980977355
77.0,174.17,250.3675127911447
118.0,155.73,193.09167211331442
90.0,550.3,280.15725205228955
211.0,93.93,209.85916115873079
296.0,300.36,207.84403017790282
176.0,335.75,277.36758221482523
374.0,334.85,211.12600310326525
134.0,133.36,139.0859311813674
219.0,165.49,228.05746356151394
291.0,268.95,264.19643333469685
1003.0,274.51,254.43604460519782
76.0,107.51,221.22553604843415
220.0,232.53,278.196153036748
139.0,230.03,240.95387320588088
115.0,121.52,231.06544896655214
187.0,206.11,281.45372715269696
301.0,208.7,229.68034314053693
278.0,199.21,242.38711209675057
122.0,114.87,184.4116401647243
170.0,602.03,275.62398350667354
213.0,268.42,249.93974481330952
427.0,271.09,262.5110872941823
242.0,161.95,147.10598945925994
335.0,302.24,227.53116313334976
178.0,373.99,291.0582217629344
141.0,315.68,277.8184244531676
226.0,302.66,207.10142237166292
283.0,850.65,232.56783536295188
299.0,203.71,253.51912330378946
80.0,142.36,146.32650042971
83.0,213.75,266.7338593718687
206.0,285.82,294.1117416773777
182.0,290.13,166.7485031392771
225.0,301.56,282.06912520068363
304.0,365.59,276.95613926067745
143.0,232.77,202.95947381053702
675.0,350.81,283.87258974108045
223.0,413.73,331.620482352575
170.0,150.02,220.89836833063418
76.0,154.22,164.45992437355744
790.0,307.06,277.7764040292932
39.0,46.15,140.0559887234558
220.0,222.42,209.60160943830306
91.0,96.55,158.99955746490377
264.0,271.96,292.54302762887346
245.0,176.97,173.46163190668813
90.0,158.83,188.6368585316941
117.0,156.27,252.92080278264257
78.0,160.38,126.54760583973984
127.0,165.67,174.32299744887314
74.0,62.92,217.33404892224098
165.0,378.85,180.71873990571476
110.0,176.12,263.3226353297923
332.0,268.6,164.4384343433867
480.0,278.82,250.55808097176123
260.0,171.58,287.7359399764082
152.0,174.57,265.54926430851265
53.0,64.8,172.4495879285514
150.0,305.07,282.3397797525449
105.0,132.74,274.2289524940752
197.0,265.71,203.09466983416496
67.0,134.92,139.7229507283937
584.0,422.86,243.89388662944475
45.0,72.4,216.12959117574428
86.0,326.77,174.0110314821086
75.0,157.51,208.6195361904065
166.0,222.02,247.95326636474783
1019.0,1340.34,238.4267161662974
50.0,176.93,244.08243704541928
66.0,130.73,218.8068998588369
76.0,72.64,177.01444717494815
132.0,188.2,236.2026740701749
401.0,171.56,119.59566425735466
175.0,211.17,293.60479712112647
51.0,61.62,111.10503014012829
322.0,225.25,163.15008587029843
119.0,140.66,233.95210002736712
391.0,203.54,255.75176331903822
174.0,263.88,306.28858602418404
184.0,133.96,190.45441323860723
173.0,404.81,293.4424838661507
127.0,128.93,236.41463637107154
285.0,349.75,261.54160183155
231.0,82.1,104.45295125966913
79.0,130.69,212.15158931880433
45.0,75.35,144.2872570922027
150.0,194.11,212.0191723419557
225.0,313.96,274.00205620902125
616.0,374.19,233.03071753026416
99.0,116.34,165.4104291232361
117.0,175.65,204.7536444021789
23.0,43.24,97.08312966731683
723.0,556.96,268.6576431908834
47.0,63.04,175.55589819532725
383.0,383.29,288.89350637927055
140.0,183.8,257.7562724860709
220.0,1132.83,297.5826444273134
232.0,329.66,237.71317142898988
131.0,117.23,196.63329200016778
199.0,75.24,145.0255652367523
130.0,137.73,176.1412435554048
179.0,211.94,267.447359934029
78.0,160.68,92.82883133474934
185.0,158.75,156.9584916548938
437.0,403.21,289.8806562845584
149.0,373.41,226.37537993157275
69.0,181.81,213.13057963478786
162.0,178.95,221.26419553322376
400.0,672.48,290.1527361489061
165.0,181.08,257.72696817975884
139.0,276.99,237.408205115511
159.0,383.71,757.2500590844029
33.0,48.12,101.71069974598686
142.0,132.51,195.39273017734558
78.0,82.16,232.10057844585572
216.0,242.86,212.03715286704755
120.0,289.57,263.3515361876889
289.0,84.8,137.84583110605308
208.0,232.44,195.20688695022181
67.0,116.33,143.5839334356897
67.0,40.33,198.2508366479051
261.0,531.25,245.5666009366596
191.0,170.77,214.63544895663472
71.0,57.4,182.5670177363554
71.0,59.53,190.07009106437545
109.0,163.08,223.5548629729601
141.0,140.64,214.8557206815476
175.0,185.46,226.71516804575367
334.0,140.58,232.2120167776775
27.0,81.54,10.892171966152091
236.0,295.04,278.45065263373544
183.0,499.47,291.6833614685329
210.0,120.49,210.79189707738988
124.0,187.8,218.1438225773345
47.0,46.0,105.77024415090455
167.0,182.04,156.5380093050444
262.0,269.33,229.58831547311456
161.0,138.44,263.76165589733864
339.0,98.1,139.72795712223706
99.0,111.14,214.825235080938
115.0,126.0,208.01815930770317
158.0,155.94,109.79395153735095
71.0,81.17,228.8792985501259
139.0,97.55,89.78409340974031
50.0,62.7,181.95972781912133
191.0,262.83,296.86801719012146
276.0,343.78,223.9133235891477
328.0,315.76,267.41373050872426
83.0,77.5,-39.39746545319031
479.0,245.18,270.37832116052414
115.0,227.56,137.15656021433279
96.0,130.15,247.30755850313835
145.0,4490.36,752.7959414112247
68.0,84.9,94.00552340315153
96.0,160.88,196.45787196345918
295.0,226.74,280.8862573705683
285.0,157.46,125.06543159165449
316.0,177.25,208.2613644099838
109.0,268.53,281.904229731339
286.0,375.45,224.52684902318651
197.0,175.0,275.9888602029623
102.0,95.19,178.04022731184887
275.0,144.57,109.30202339241077
427.0,558.47,268.58426274759586
161.0,252.64,255.97953675637837
120.0,148.54,190.64335882416526
64.0,241.06,193.14215526689804
236.0,207.56,229.4393432109573
487.0,414.8,257.30482244887753
117.0,255.65,240.21813172611292
119.0,158.05,144.474726490389
127.0,105.86833333333334,765.1869676837196
266.0,244.17,195.7746006613761
121.0,161.59,144.58728780833735
223.0,186.55,233.85470653612902
154.0,106.7,146.34328422558428
181.0,180.94,193.87258981995728
150.0,143.38,154.2818374766357
194.0,419.0,779.253833100458
196.0,143.74,232.5451693585219
401.0,531.49,222.72384737473112
108.0,199.26,188.7000820581161
135.0,210.88,254.9252226838671
129.0,129.95,89.39888836320642
88.0,146.42,242.10883807562823
232.0,204.7,268.89916148654083
37.0,46.52,89.8193100276876
401.0,355.28,288.2128425039973
99.0,284.67,289.53336916616354
150.0,98.91,138.97851701733998
120.0,108.76,167.2630638019873
63.0,163.43,95.4381095465742
163.0,122.32,124.68023548765996
55.0,57.67,100.11780242218447
336.0,345.02,234.44613837742872
119.0,258.21,280.50013777817003
72.0,142.64,197.07440613505605
195.0,192.43,256.61416228083544
399.0,122.65,154.53683407118478
52.0,87.26,75.43899763736954
180.0,231.34,213.14069729149924
265.0,182.19,265.1847337741019
93.0,93.69,159.76572452748405
198.0,437.84,286.29761311036964
147.0,238.59,218.52885570512808
64.0,60.67,183.24712544526847
225.0,185.91,106.1371906822751
91.0,86.93,151.96731147572245
268.0,288.71,295.00833007742403
62.0,58.63,137.03737206248297
112.0,145.99,265.8327459691136
200.0,290.47,292.8362798452872
422.0,260.97,212.39782524768088
215.0,206.69,239.42620575444198
145.0,205.51,213.37054711539167
221.0,370.24,276.72948744585665
115.0,150.44,236.26696247675318
112.0,185.68,189.3505767540646
170.0,232.87,174.275769067488
205.0,237.82,231.76504370955263
83.0,115.74,219.45221564965323
80.0,160.73,251.64332569306862
85.0,76.53,140.90044672844851
125.0,164.89,249.76733043897002
3274.0,622.12,289.90825720600697
163.0,277.6,210.05941680767864
243.0,175.69,288.59342498204023
215.0,429.46,298.4909879731749
111.0,144.28,146.35117541988438
97.0,145.86,208.90195670948378
33.0,113.2,223.1190614216448
105.0,202.58,277.16844889562526
272.0,248.69,277.05817455987926
78.0,75.25,170.54192952306403
188.0,98.83,214.2017152785138
51.0,69.21,195.53612281058486
83.0,159.37,131.29537197238096
97.0,182.74,230.3185491534332
297.0,547.3466666666667,781.6415237375568
308.0,158.58,253.6650448506207
59.0,63.08,249.2357384587176
269.0,246.18,232.25899650464453
206.0,312.99,241.4880521208779
351.0,347.42,228.32641962284652
75.0,49.26,33.1782558496252
103.0,131.4,208.84337064474312
124.0,286.01,696.2221011258916
89.0,129.16,227.99678483599928
258.0,220.16,217.88589427413172
439.0,272.36,265.98982596266796
164.0,187.81,238.6124079938436
87.0,244.92,181.14779727558198
57.0,136.93,143.95922899533616
232.0,347.63,292.3783606368361
220.0,230.96,296.3976276344438
555.0,237.88,273.1667242391213
500.0,585.13,217.25484344948563
225.0,281.05,247.71628158211752
145.0,157.72,280.6087674130631
52.0,29.82,93.0138210387413
181.0,284.28,237.63495025905831
253.0,229.66,196.76079567624402
112.0,130.05,231.72512578368878
236.0,124.15,192.62312245434623
241.0,307.67,202.1816091892124
45.0,71.81,214.24536410255314
33.0,72.9,222.66149253809817
362.0,527.3,270.98638109729836
109.0,149.14,273.4698141748031
79.0,101.33,164.57387694624595
247.0,270.0,222.913236278946
282.0,381.67,254.25539685656258
103.0,428.14,283.1406676523384
100.0,292.8,83.36390559373285
55.0,96.69,135.86816652730704
58.0,158.68,176.19294457176875
328.0,198.5,215.97102259360327
131.0,205.57,248.10150643998531
118.0,126.95,245.7753282679205
224.0,245.94,266.62607207549445
206.0,171.79,219.41990388878367
229.0,243.46,274.5101682284949
58.0,67.52,69.31675511369576
31.0,46.61,205.0923695950205
114.0,89.988,764.2288275942847
65.0,147.19,116.19101062942173
189.0,217.51,255.87634562486164
47.0,56.93,14.321967122947171
183.0,173.65,152.9606334557684
218.0,217.75,288.1066475239659
174.0,197.37,171.27963636949426
145.0,167.6,182.16926598374266
115.0,146.87,178.4557932811167
382.0,139.07,193.5645095324744
147.0,178.34,217.32843384886291
386.0,574.5,272.8008080918971
288.0,248.67,287.4347968882703
195.0,271.25,229.55761602247367
135.0,314.42,273.50699500797054
119.0,164.0,216.68497772322553
375.0,346.35,291.81363467221854
270.0,151.48,132.80660304503363
527.0,499.17,289.4844728953067
120.0,298.99,274.01681111255675
277.0,179.92,168.5536668745517
414.0,348.83,201.87385322343107
244.0,389.3,276.79199991326095
314.0,225.71,294.99175176796416
215.0,227.72,288.64075866430176
68.0,215.54,235.70108195548346
133.0,271.88,237.70286088394278
254.0,429.36,271.2825032671735
86.0,297.28,262.7491959239014
147.0,110.58,183.16300331781167
278.0,378.35,294.98967345177334
1027.0,398.91,261.447057976151
360.0,259.24,264.30765945510393
125.0,68.91,198.27077153142454
312.0,399.11,215.45564072764864
276.0,290.83,225.7344877500709
275.0,454.75,257.39181339468087
64.0,61.17,169.25098031449124
790.0,295.89,225.7690402044118
85.0,216.34,144.09292022271256
172.0,238.79,267.4729298398852
247.0,372.94,238.42177719032406
98.0,103.75,164.6499886861675
93.0,179.77,231.15984176738675
225.0,354.47,299.33219717943393
62.0,49.98,46.475315173580384
163.0,151.96,235.24114300339897
42.0,64.97,102.22204654096458
274.0,186.05,75.77862934064069
63.0,69.38,209.29979121678662
193.0,197.77,282.3926259001455
79.0,36.74,96.60492774435806
71.0,68.7,180.90300316987305
46.0,56.29,191.8299689945834
379.0,238.44,191.85890511200705
528.0,394.49,196.83896640721468
127.0,63.31,169.0321723317138
39.0,43.9,152.77257051999732
521.0,211.48,252.70970431853675
147.0,174.8,143.10055629675117
273.0,309.7,292.4025010849273
99.0,189.06,190.38460523898357
485.0,259.73,289.4843537583529
422.0,301.59,265.50445242972455
196.0,207.08,256.9365126296725
42.0,45.84,95.12499495435986
96.0,172.53,215.40648700639213
280.0,359.81,217.31510266681107
284.0,381.27,224.00341103405844
112.0,120.29,108.25726521340403
175.0,390.94,294.7227786848016
106.0,283.3,283.5169665676258
121.0,215.69,158.37919265626988
257.0,347.31,235.47120553943205
66.0,133.38,221.84728625968455
205.0,205.78,271.17567465545835
64.0,114.58,158.61596243917302
211.0,157.06,187.61380314157395
127.0,137.94,250.07247250132605
64.0,85.09,97.8882720130041
229.0,145.72,213.13789921613716
202.0,225.17,275.3003720611923
45.0,101.86,87.00428234462743
510.0,162.14,91.51094169546013
77.0,85.94,221.3685072170556
85.0,126.58,225.86289853995004
115.0,258.17,219.12156523902377
112.0,130.94,160.42557358130216
199.0,267.75,257.2016767985551
557.0,299.39,169.20255189995805
141.0,183.29,278.1156204988474
308.0,224.6,281.23089236416854
400.0,304.54,155.37145165061702
268.0,193.59,159.35225016081495
234.0,142.01,118.02261636295952
38.0,37.08,101.00943007409296
260.0,194.61,279.8598571341754
84.0,87.79,209.01531826429164
92.0,163.14,189.35335878539627
127.0,173.24,199.501911387968
186.0,214.44,238.79577146315933
67.0,129.25,148.7919316327352
36.0,49.23,122.38901415269902
531.0,269.33,268.21734751720214
38.0,83.86,223.5611323375415
51.0,58.76,187.65070775198728
162.0,122.45,152.4915483569148
248.0,453.0,279.3525607916363
110.0,188.52,198.27382842742736
150.0,154.05,228.08342791103314
162.0,196.32,221.93941859406368
261.0,786.265,237.46920112474982
131.0,239.24,229.70301592586839
157.0,129.36,167.6780924010527
38.0,87.04,128.1156817727042
539.0,261.17,208.20193177520378
153.0,188.3,236.87587094523406
495.0,516.4566666666666,293.01401865968364
342.0,338.3,261.5901750956655
95.0,114.18,218.56617422664385
115.0,127.14,212.31264351928257
90.0,109.01,150.10815755890144
242.0,206.98,259.46798119260166
126.0,150.92,181.1261703545806
72.0,180.51,157.1122581050331
178.0,189.27,106.39751765735673
123.0,159.47,216.30589430229884
309.0,197.18,245.3051866836213
218.0,153.66,228.2230376102234
24.0,59.59,40.06651068856809
152.0,361.7,279.8392331570376
809.0,195.26,58.76260706247922
71.0,259.81,258.8556237574394
174.0,98.07,141.2844719269906
85.0,96.8,149.09622631953062
138.0,204.47,-202.0932780438925
128.0,162.21,231.66622731042844
57.0,78.7,80.92499130997021
318.0,182.81,59.69895955436914
125.0,258.65,143.32673446696754
115.0,126.58,194.66110342288994
189.0,196.74,226.49084585920355
73.0,115.67,214.1530654473372
250.0,191.74,267.18676181835326
109.0,153.98,236.33954439337322
128.0,158.8,159.40600012288996
184.0,269.55,290.7354540716442
206.0,128.74,240.4520573484042
285.0,268.7,188.0371663654696
61.0,60.65,118.64679707686082
67.0,67.54,191.4512221249588
227.0,188.41,154.73385316381427
107.0,245.67,271.1220480116699
140.0,151.96,185.5577581159323
178.0,143.33,215.60246062332044
134.0,258.02,250.0553071445629
124.0,233.35,171.74243606415257
39.0,95.72,216.70230413564968
110.0,176.18,194.59477635679104
350.0,246.01,286.49524771983306
132.0,201.6,278.22352421728283
201.0,332.54,221.20928939523765
228.0,207.02,246.6848006219043
144.0,160.82,205.06367278521066
261.0,267.29,232.18864207353909
36.0,63.25,150.40008906301045
66.0,60.21,90.70331461789647
69.0,222.4,255.2696868809071
159.0,229.81,247.53014946793337
137.0,185.62,50.100228187675384
336.0,319.33,249.9994446415585
87.0,75.08,201.44431261339196
197.0,219.52,201.56520515687225
107.0,126.63,103.98052057967288
152.0,224.21,215.01566694674148
67.0,68.27,177.5505488234885
115.0,167.02,182.95898985758322
218.0,221.62,237.67305328477414
101.0,169.44,192.29094806740795
786.0,396.55,291.7425781397342
412.0,248.72,210.51946814115217
155.0,263.31,294.66699635611076
108.0,188.39,194.0786326829093
476.0,144.83,122.67354454441738
329.0,353.08,287.7973986225679
151.0,228.75,227.51324914115503
56.0,66.6,111.1130141246158
347.0,208.91,203.1509449510013
161.0,208.91,289.20688791387147
213.0,206.16,227.3908853883313
115.0,131.97,207.4583120927873
316.0,151.98,195.56423647567317
932.0,396.9,278.94110406350046
30.0,66.83,95.18429892057065
144.0,231.87,220.04232717718514
203.0,235.1,223.1998790212183
162.0,278.94,294.8689692160442
30.0,39.73,100.06559590108373
111.0,209.38,226.00494381192584
110.0,114.07,17.759897370449835
31.0,39.29,100.81327392335697
270.0,585.21,293.69813359106047
262.0,201.38,246.1068237090385
127.0,168.89,230.16835565738074
128.0,298.43,206.29301977208888
32.0,44.85,97.45923019432121
140.0,137.8,75.64413381102713
100.0,436.83,275.3473034402359
214.0,182.31,269.3694453634198
215.0,216.34,285.2154032497783
127.0,158.71,206.67608586679307
185.0,188.34,226.69307397036937
198.0,181.22,163.51037373566396
120.0,161.23,112.22361581428595
187.0,211.61,293.36194020055336
102.0,137.02,187.96272326357575
280.0,335.01,281.65228939815825
261.0,273.61,210.35450843423496
199.0,281.94,223.23299330338887
254.0,339.41,236.59244535179278
88.0,87.3,141.6522806365483
148.0,207.36,231.2403660604068
186.0,264.96,282.5512910097641
184.0,199.86,258.1451620781954
280.0,118.0,168.23870003065895
332.0,139.65,132.95561588296005
513.0,97.87,233.33791234055388
193.0,246.45,200.71856662259597
101.0,137.32,199.35403130762097
213.0,180.58,173.75675573264743
73.0,61.88,120.86720918066749
111.0,353.27,168.3475589872305
246.0,326.28,221.29072145112696
108.0,113.93,211.2004565253501
54.0,232.33,235.36522990035155
151.0,118.99,179.9195982915735
132.0,188.86,156.09546076277002
648.0,289.1,271.539145654795
1462.0,483.44,780.1196774663094
189.0,268.36,188.42909914817938
278.0,147.88,256.80935999250323
212.0,269.35,269.08000306881695
89.0,109.12,205.1975631710029
76.0,114.27,210.5969897717605
136.0,403.36,283.1714101302059
212.0,168.82,235.42712638255216
237.0,191.63,210.67852807394047
134.0,250.96,295.50763055510106
220.0,246.54,218.83147749730415
535.0,429.69,226.9596318829008
108.0,171.05,154.12103274329274
64.0,154.75,46.55923401447399
86.0,218.71,113.08351022332135
134.0,256.26,135.14047837189173
278.0,237.28,271.04804818001685
424.0,529.4896428571429,786.1191669361124
146.0,222.2,184.56988510097108
250.0,251.48,294.99905781201414
940.0,371.93,276.2535702781697
285.0,145.15,173.83728546892962
277.0,270.41,270.260690139532
277.0,326.33,283.8714342403109
396.0,188.71,178.96334918485627
75.0,218.79,217.08246333094758
136.0,192.62,293.89817481459977
238.0,167.04,154.6274814290864
53.0,236.72,268.89927129049283
198.0,202.775,229.61242988291087
129.0,110.46,253.0931392408329
180.0,197.34,274.05082619988934
59.0,62.66,173.33589958423
75.0,67.16,218.4585201795453
126.0,208.18,115.27046088610768
94.0,396.86,257.1245201655165
98.0,198.94,241.10125651099042
151.0,248.01,246.65902798762727
296.0,315.82,222.4145909671479
306.0,233.47,236.35674843641027
30.0,39.72,101.37465618213719
100.0,164.57,165.7699515166023
271.0,334.34,243.83134522363798
300.0,234.67,266.65866886788353
144.0,175.12,146.64627168259176
608.0,265.41,257.30131958745187
64.0,68.79,224.32810234226054
173.0,180.59,290.1615210513737
281.0,185.77,231.9211719032246
178.0,180.07,201.41581705185126
210.0,217.88,290.8715530748141
65.0,41.49,103.26242941727105
78.0,66.63,146.1578400798353
146.0,344.48,242.0519706623163
288.0,392.38,285.69747262574856
290.0,911.66,241.48302634488573
347.0,332.37,221.87923307081655
63.0,254.51,232.91889323008763
73.0,99.38,157.01552552864086
139.0,125.94,196.8221926772385
648.0,353.32,277.7527451643182
135.0,179.77,247.49955796682661
251.0,267.2,212.64266994971695
186.0,166.77,250.9008257573896
62.0,133.78,181.40568002706095
456.0,307.93,291.07864682432046
468.0,192.77,194.94059933057724
180.0,138.23,163.5727916263222
115.0,147.04,222.5529936653311
96.0,281.94,118.21540798667593
71.0,234.31,254.80616200283112
468.0,376.8,288.95462289109673
271.0,238.81,283.68853452026815
123.0,229.24,85.30699289880977
160.0,134.27,117.89894685469335
424.0,311.06,274.5840178913568
42.0,59.19,196.22443915643817
76.0,123.2,171.1104135428286
59.0,64.54,76.48868371036406
1280.0,264.8,216.48868025657612
203.0,287.54,282.14830366092247
110.0,119.93,167.5015084798706
99.0,164.89,247.1377468358587
121.0,1700.43,22.086254379657476
128.0,160.66,153.4393492424606
160.0,104.53,124.4022708503453
268.0,179.01,221.5975712292784
214.0,124.05,215.822211216293
36.0,71.27,227.591191149304
146.0,161.6,3.504742203727801
42.0,67.1,103.1102524191574
85.0,201.33,242.7411745462814
198.0,212.76,234.52663241185292
206.0,224.9,270.1173328517125
91.0,114.61,186.5297468319659
419.0,223.25,231.7462029600283
220.0,211.28,212.74400029626122
303.0,146.72,97.06935665892524
118.0,233.15,211.3272696346594
301.0,172.8,216.4931930894454
137.0,260.34,254.34609892336084
527.0,280.14,277.14067487488865
170.0,77.49,150.67371552962686
71.0,77.4,223.71936542395088
150.0,155.13,-80.46726907805896
54.0,143.77,214.75348767007927
146.0,125.36,207.93365340411765
88.0,198.58,226.59367166161974
52.0,56.29,94.08186486554587
120.0,114.74,83.73638143148492
304.0,450.15,287.09358088932277
452.0,249.16,278.64135173349496
177.0,284.17,227.5173688550658
291.0,277.88,190.51588035891655
33.0,42.64,193.6899387043486
92.0,245.0,279.14846155499254
226.0,201.19,206.7802522078182
89.0,173.17,231.52440887456032
119.0,240.79,217.94763800100736
215.0,315.1,295.5920878775087
117.0,106.61,154.71012608499586
360.0,236.02,289.4900029788587
76.0,161.15,45.93682323239773
54.0,231.73,241.55716524883246
204.0,192.29,243.6485249814541
172.0,281.91,226.81845029613214
234.0,177.82,271.27282097511124
188.0,183.21,285.82196901423777
131.0,274.06,277.5681637881171
128.0,136.8,-206.41005132540522
515.0,471.96,227.56427008771243
367.0,167.12,237.08667862952643
148.0,146.92,-299.55483721662677
155.0,196.29,277.85258004480966
36.0,48.28,177.03194938045635
95.0,131.58,239.92342296164134
271.0,217.81,267.0725544952347
135.0,289.12,138.88664107592558
109.0,170.82,216.40717546771702
70.0,58.21,89.00226499650489
143.0,204.34,212.5939631758265
242.0,261.94,230.01971760661763
204.0,168.82,271.48534672817186
105.0,166.73,183.48391424065994
231.0,392.77,263.06343800165814
135.0,199.42,267.3815397954331
502.0,328.93,241.62167301105728
283.0,120.52,207.15139676450417
135.0,145.48,235.01514565695652
180.0,145.69,228.75808893889553
173.0,199.42,277.2052389166256
111.0,374.05,264.00003599525553
261.0,256.4,235.51151197553372
165.0,198.45,185.61496965027618
65.0,146.0,66.67100168156685
93.0,283.36,260.07883372572906
112.0,227.84,252.84877456278264
138.0,176.08,205.53515675502058
75.0,105.15,204.5830687335747
235.0,182.11,235.60677037034293
173.0,141.18,213.37440977622282
165.0,223.09,133.12990158751745
70.0,143.73,172.72919568147518
384.0,399.4,274.93591973397815
78.0,56.66,159.3667480204931
199.0,314.01,280.1000557921816
104.0,146.69,238.29816894769465
144.0,191.36,245.43961227824366
374.0,252.95,219.2684089920549
574.0,366.46,236.8402894898063
448.0,315.65,288.9087419250427
78.0,127.12,270.2028498354666
205.0,200.86,169.408176771356
277.0,263.01,272.3932340755382
208.0,230.63,288.8583738457164
171.0,258.92,226.44608527568562
208.0,198.6,264.4366969772109
496.0,455.89,225.75996381134064
173.0,230.03,284.2761626533029
506.0,299.77,233.71959647718177
224.0,189.05,258.57034947973625
60.0,81.58,185.89987376460704
205.0,257.85,289.75154878698777
148.0,353.61,252.7135257176742
1191.0,378.47,267.38534593661643
139.0,169.68,294.2935722682032
155.0,256.92,237.4916928635248
91.0,102.36,235.98808563405146
244.0,181.87,231.55688621171248
429.0,441.97,274.94529508315645
205.0,232.18,247.39574901142623
53.0,153.42,257.8975708097223
200.0,263.69,240.10772775899204
76.0,161.28,238.12629236576504
206.0,166.49,290.5422679735311
172.0,211.87,287.61725143012154
103.0,87.75,212.1684276975393
127.0,278.21,282.7636391973447
1217.0,273.68,232.81738280667014
329.0,228.57,249.64366117408463
227.0,244.59,225.25968580283188
450.0,287.57,269.1662921031566
77.0,92.98,256.90199201188807
113.0,236.81,206.76317858209586
113.0,120.86,128.50063516053524
138.0,210.92,253.1108762268159
103.0,142.32,258.10789698563167
500.0,369.56,256.96822494559456
410.0,188.38,195.9251586518476
35.0,785.86,235.1983550884197
143.0,192.41,224.24402304532487
66.0,66.64,159.58739129423157
187.0,343.48,264.81875279084306
185.0,268.36,238.08982740290048
74.0,101.84,215.26065137366822
96.0,139.36,160.6658965856259
74.0,142.18,142.3528296807035
115.0,137.2,133.00853187889697
102.0,152.51,233.83234837593227
124.0,90.1,156.46400793821886
63.0,104.79,236.4356806247506
39.0,75.16,121.29313931493016
158.0,206.9,239.3123215730775
146.0,201.2,179.31871522187612
161.0,173.61,248.33302251081295
206.0,289.16,281.50637127756454
110.0,218.02,67.51161811760721
164.0,231.66,290.9964946324526
130.0,233.11,266.1723309089866
186.0,267.4,295.4045040961337
176.0,172.41,241.77580594416213
1349.0,660.89,279.77394377983364
34.0,40.36,102.10609449189542
132.0,192.7,150.7170043794522
187.0,471.15,257.8464550145327
122.0,151.71,251.07383448149994
104.0,175.2,243.0859317096183
227.0,145.4,229.0677706578681
367.0,304.81,229.80785557413765
355.0,259.07,237.0730530074925
354.0,257.37,226.40129616791637
73.0,130.71,-24.716938378969644
94.0,221.81,251.13157146267076
89.0,382.71,97.57494611452057
119.0,137.54,223.84460297915393
356.0,271.44,207.6398000185818
144.0,126.12,214.55302795357966
173.0,186.85,210.5960405014066
194.0,185.28,99.52787847121544
42.0,290.84,259.69651181642075
343.0,157.91,225.71731512039878
283.0,248.39,198.94646478016148
75.0,71.09,200.1130336083479
130.0,122.73,126.43981585889742
187.0,287.42,694.7937549600792
87.0,188.27,243.34046524495534
204.0,194.29,223.06485636499747
221.0,174.4,275.30448001242803
79.0,216.34,234.21458270529
356.0,212.8,215.52597433541996
50.0,71.61,217.061251997382
202.0,239.32,293.8091900059808
153.0,154.27,219.95849392335367
328.0,321.77,286.0596346232487
225.0,319.28,248.2140250211378
102.0,132.28,212.41420863278108
271.0,145.78,171.57375206158395
150.0,115.77,244.29218390183996
201.0,191.21,238.49433852149923
33.0,57.43,207.3117109987652
250.0,266.53,286.4054313604338
29.0,39.76,171.17133721627397
105.0,134.52,215.2944453388045
103.0,191.34,236.3396627669099
100.0,124.32,156.00479282238848
220.0,299.55,295.11433946568286
149.0,158.79,235.14151513606885
223.0,594.43,294.42788128032953
184.0,281.85,228.38471970851788
109.0,144.52,230.67070463940763
102.0,201.1,272.69157602431187
222.0,154.05,219.65194926067852
91.0,77.4,152.47556690653437
60.0,133.89,154.48874263838115
95.0,160.32,216.827662027923
144.0,106.82,258.21961174900025
127.0,161.55,172.49138992868393
226.0,220.97,258.27989313864236
281.0,303.31,204.82335942184
250.0,267.37,216.42455859677648
172.0,185.46,261.6874051204759
28.0,29.34,102.83525610489778
213.0,261.72,130.81970793437176
167.0,238.44,290.28571611057487
49.0,60.62,148.5188491632598
140.0,174.06,199.22364688705238
23.0,153.86,88.4677582438726
143.0,120.3,250.63463570856584
130.0,146.72,154.25118521288277
84.0,105.36,239.59862121482365
162.0,282.61,274.8734598199626
307.0,409.51,277.33355439073057
116.0,332.34,275.16639066621246
145.0,114.22,244.58065473688293
62.0,129.48,236.0476619636829
203.0,464.53,264.97326036182676
123.0,105.4,253.87847765304832
277.0,170.41,171.47952320996228
400.0,266.32,252.00368388925017
161.0,157.28,120.22481608754424
1227.0,234.39,254.79296541048825
206.0,162.55,279.580541146257
132.0,180.33,274.1353626510372
525.0,394.93,269.05430437301766
654.0,226.5,204.23149097432906
71.0,234.41,144.30829203768008
74.0,108.99,151.9661986745432
248.0,310.55,284.0247472860792
113.0,345.16,282.2654754578143
203.0,276.82,242.66285601610798
51.0,88.83,210.46161928470428
26.0,59.57,80.93731362935978
127.0,174.09,232.24816364735307
383.0,415.78,277.0720234049477
816.0,380.73,104.00018258451564
166.0,123.71,130.36412149588068
117.0,64.42,176.69400757076983
73.0,251.2,231.84155708527578
363.0,237.95,262.85723885986954
405.0,395.49,285.6343765554975
261.0,298.61,228.21521865595423
655.0,151.33,143.24745379148226
125.0,119.4,242.00953010351077
171.0,219.76,275.1625179000839
96.0,66.7,179.10264089419798
680.0,360.5,166.24468497493763
158.0,255.3,138.24871801608788
371.0,182.73,210.6870831913402
152.0,331.11,269.05909367740423
90.0,100.57,216.18592386225282
28.0,39.19,99.8257219253228
207.0,260.62,228.66398325296723
111.0,198.36,200.70947662839535
101.0,205.12,255.68768605397054
248.0,146.71,215.73807593242782
45.0,52.36,144.36368056951324
222.0,230.49,217.05451030178847
214.0,155.28,238.4094497854221
222.0,231.56,264.46594310362525
91.0,194.3,207.00715131571815
244.0,293.64,241.3276361035132
48.0,51.54,137.75463712300734
26.0,27.82,90.00325669063932
392.0,310.93,226.55360857970845
264.0,217.3,196.71163401112972
162.0,150.4,187.2159778012101
129.0,180.38,262.8392876705839
169.0,172.35,187.76189594643074
79.0,264.27,148.1599679338451
64.0,100.06,137.0003309379772
98.0,148.47,175.42817802472382
90.0,124.94,147.2377849426648
64.0,308.36,305.2942547387047
308.0,298.87,203.1542560907692
277.0,289.82,215.95599028902507
249.0,159.74,90.55665914999736
252.0,387.48,228.2496698033683
434.0,255.17,281.1220926863389
229.0,302.43,290.6291354328787
133.0,381.53,262.1348671847645
127.0,174.21,226.20096084224497
234.0,270.23,214.91282745239914
51.0,259.72,104.38740587408756
688.0,402.62,275.614611520723
162.0,151.02,208.9734379574693
103.0,148.32,183.62519098504708
171.0,226.05,287.9135056283394
291.0,361.67,228.55552060407172
116.0,184.58,204.2954470105833
596.0,473.03,780.2827382444448
158.0,187.4,228.53272477075734
204.0,150.68,170.58218526704877
85.0,106.98,167.66799060755875
78.0,77.07,201.33006237527843
529.0,227.12,186.90769568136784
51.0,56.99,128.726473080691
150.0,182.91,149.50018347550576
133.0,239.46,313.9408194728712
452.0,225.03,118.42396970301706
267.0,283.87,283.0551529293716
205.0,263.27,279.4884016617216
55.0,58.26,187.4664175191392
195.0,278.67,288.63430329017865
49.0,41.44,202.0528038053817
88.0,150.32,193.30448260685444
125.0,272.07,231.6449059015995
45.0,38.44,203.54951399787024
84.0,121.35,182.2488953369775
129.0,109.14,221.56298916205924
76.0,77.34,16.379746131751745
213.0,90.25,158.42479869424642
90.0,148.28,211.86846464865448
128.0,106.89,154.7129350913401
169.0,170.7,267.2126782612868
173.0,158.54,256.46024247356763
393.0,480.69,225.8760540496478
103.0,252.17,250.23429201908039
89.0,117.37,177.01742085495607
62.0,137.82,135.72591929743066
608.0,251.12,287.4046131527539
342.0,300.75,279.61310205880727
175.0,365.48,289.92658167800437
72.0,94.12,228.7051799940582
175.0,205.63,182.86489018035354
62.0,69.31,217.47598615280367
21.0,25.88,100.74468352104668
344.0,176.07,244.86004909157418
83.0,188.47,220.75479654888295
268.0,306.25,267.523324928432
206.0,180.66,287.194623958947
49.0,33.24,87.3488587382526
195.0,302.93,243.84969188346076
137.0,141.8,182.78349793110465
92.0,160.0,183.8363741219964
99.0,175.97,240.43167952086696
272.0,283.26,234.2177462398522
277.0,345.17,223.3213730765856
43.0,65.61,99.71358504783893
58.0,52.79,162.6866563039639
